{
	"Markers" : [
		{
			"LoreId" : "L.LOC.CP_HARBOR",
			"PosX" : 9.1995221027479090E-002,
			"PosY" : 8.7813620071684584E-001
		}
	]
}

